{
  "levels": [
    {
      "name": "Niveau 1",
      "ground": {
        "y": 680,
        "start_x": 0,
        "end_x": 3000
      },
      "spawn": {
        "x": 683,
        "y": 590
      },
      "goal": {
        "x": 2300,
        "y": -30,
        "w": 70,
        "h": 110
      },
      "platforms": [
        {
          "x": 100,
          "y": 560,
          "w": 200,
          "h": 20
        },
        {
          "x": 380,
          "y": 480,
          "w": 180,
          "h": 20
        },
        {
          "x": 620,
          "y": 420,
          "w": 160,
          "h": 20
        },
        {
          "x": 860,
          "y": 360,
          "w": 140,
          "h": 20
        },
        {
          "x": 1060,
          "y": 300,
          "w": 180,
          "h": 20
        },
        {
          "x": 1300,
          "y": 200,
          "w": 250,
          "h": 20
        },
        {
          "x": 1900,
          "y": 60,
          "w": 500,
          "h": 20
        }
      ],
      "enemies": []
    },
    {
      "name": "Niveau 2",
      "ground": {
        "y": 680,
        "start_x": 0,
        "end_x": 3000
      },
      "spawn": {
        "x": 120,
        "y": 590
      },
      "goal": {
        "x": 2600,
        "y": -30,
        "w": 70,
        "h": 110
      },
      "platforms": [
        {
          "x": 200,
          "y": 560,
          "w": 160,
          "h": 20
        },
        {
          "x": 420,
          "y": 500,
          "w": 140,
          "h": 20
        },
        {
          "x": 620,
          "y": 460,
          "w": 120,
          "h": 20
        },
        {
          "x": 800,
          "y": 420,
          "w": 120,
          "h": 20
        },
        {
          "x": 980,
          "y": 380,
          "w": 140,
          "h": 20
        },
        {
          "x": 1180,
          "y": 340,
          "w": 160,
          "h": 20
        },
        {
          "x": 1400,
          "y": 300,
          "w": 180,
          "h": 20
        },
        {
          "x": 1650,
          "y": 260,
          "w": 140,
          "h": 20
        },
        {
          "x": 1850,
          "y": 220,
          "w": 140,
          "h": 20
        },
        {
          "x": 2050,
          "y": 200,
          "w": 160,
          "h": 20
        },
        {
          "x": 2300,
          "y": 160,
          "w": 220,
          "h": 20
        }
      ],
      "enemies": []
    },
    {
      "name": "Niveau 3",
      "ground": {
        "y": 680,
        "start_x": 0,
        "end_x": 3000
      },
      "spawn": {
        "x": 260,
        "y": 590
      },
      "goal": {
        "x": 2400,
        "y": -30,
        "w": 70,
        "h": 110
      },
      "platforms": [
        {
          "x": 200,
          "y": 640,
          "w": 120,
          "h": 20
        },
        {
          "x": 360,
          "y": 560,
          "w": 120,
          "h": 20
        },
        {
          "x": 520,
          "y": 480,
          "w": 120,
          "h": 20
        },
        {
          "x": 680,
          "y": 400,
          "w": 120,
          "h": 20
        },
        {
          "x": 840,
          "y": 320,
          "w": 120,
          "h": 20
        },
        {
          "x": 1000,
          "y": 240,
          "w": 200,
          "h": 20
        },
        {
          "x": 1350,
          "y": 500,
          "w": 120,
          "h": 20
        },
        {
          "x": 1500,
          "y": 420,
          "w": 120,
          "h": 20
        },
        {
          "x": 1650,
          "y": 340,
          "w": 120,
          "h": 20
        },
        {
          "x": 1800,
          "y": 260,
          "w": 120,
          "h": 20
        },
        {
          "x": 1950,
          "y": 200,
          "w": 220,
          "h": 20
        }
      ],
      "enemies": []
    },
    {
      "name": "Niveau 4",
      "ground": {
        "y": 680,
        "start_x": 0,
        "end_x": 3200
      },
      "spawn": {
        "x": 180,
        "y": 590
      },
      "goal": {
        "x": 2800,
        "y": -30,
        "w": 70,
        "h": 110
      },
      "platforms": [
        {
          "x": 160,
          "y": 600,
          "w": 160,
          "h": 20
        },
        {
          "x": 380,
          "y": 540,
          "w": 160,
          "h": 20
        },
        {
          "x": 600,
          "y": 480,
          "w": 160,
          "h": 20
        },
        {
          "x": 820,
          "y": 420,
          "w": 160,
          "h": 20
        },
        {
          "x": 1040,
          "y": 360,
          "w": 200,
          "h": 20
        },
        {
          "x": 1320,
          "y": 300,
          "w": 220,
          "h": 20
        },
        {
          "x": 1680,
          "y": 260,
          "w": 160,
          "h": 20
        },
        {
          "x": 1880,
          "y": 320,
          "w": 140,
          "h": 20
        },
        {
          "x": 2080,
          "y": 380,
          "w": 140,
          "h": 20
        },
        {
          "x": 2280,
          "y": 460,
          "w": 200,
          "h": 20
        },
        {
          "x": 2550,
          "y": 560,
          "w": 220,
          "h": 20
        }
      ],
      "enemies": []
    },
    {
      "name": "Niveau 5",
      "ground": {
        "y": 680,
        "start_x": 0,
        "end_x": 3400
      },
      "spawn": {
        "x": 140,
        "y": 590
      },
      "goal": {
        "x": 3000,
        "y": -30,
        "w": 70,
        "h": 110
      },
      "platforms": [
        {
          "x": 220,
          "y": 620,
          "w": 140,
          "h": 20
        },
        {
          "x": 400,
          "y": 560,
          "w": 140,
          "h": 20
        },
        {
          "x": 580,
          "y": 500,
          "w": 140,
          "h": 20
        },
        {
          "x": 760,
          "y": 460,
          "w": 140,
          "h": 20
        },
        {
          "x": 940,
          "y": 420,
          "w": 140,
          "h": 20
        },
        {
          "x": 1120,
          "y": 360,
          "w": 180,
          "h": 20
        },
        {
          "x": 1360,
          "y": 300,
          "w": 180,
          "h": 20
        },
        {
          "x": 1600,
          "y": 260,
          "w": 160,
          "h": 20
        },
        {
          "x": 1820,
          "y": 220,
          "w": 140,
          "h": 20
        },
        {
          "x": 2040,
          "y": 260,
          "w": 160,
          "h": 20
        },
        {
          "x": 2260,
          "y": 320,
          "w": 180,
          "h": 20
        },
        {
          "x": 2500,
          "y": 400,
          "w": 220,
          "h": 20
        },
        {
          "x": 2780,
          "y": 520,
          "w": 260,
          "h": 20
        }
      ],
      "enemies": []
    },
    {
      "name": "Niveau 6",
      "ground": {
        "y": 680,
        "start_x": 0,
        "end_x": 3200
      },
      "spawn": {
        "x": 160,
        "y": 590
      },
      "goal": {
        "x": 2850,
        "y": -30,
        "w": 70,
        "h": 110
      },
      "platforms": [
        {
          "x": 220,
          "y": 600,
          "w": 160,
          "h": 20
        },
        {
          "x": 420,
          "y": 540,
          "w": 160,
          "h": 20
        },
        {
          "x": 640,
          "y": 500,
          "w": 160,
          "h": 20
        },
        {
          "x": 860,
          "y": 460,
          "w": 140,
          "h": 20
        },
        {
          "x": 1040,
          "y": 420,
          "w": 140,
          "h": 20
        },
        {
          "x": 1220,
          "y": 360,
          "w": 160,
          "h": 20
        },
        {
          "x": 1460,
          "y": 320,
          "w": 180,
          "h": 20
        },
        {
          "x": 1760,
          "y": 300,
          "w": 160,
          "h": 20
        },
        {
          "x": 2020,
          "y": 340,
          "w": 160,
          "h": 20
        },
        {
          "x": 2280,
          "y": 420,
          "w": 180,
          "h": 20
        },
        {
          "x": 2560,
          "y": 520,
          "w": 200,
          "h": 20
        }
      ],
      "enemies": []
    },
    {
      "name": "Niveau 7",
      "ground": {
        "y": 680,
        "start_x": 0,
        "end_x": 3200
      },
      "spawn": {
        "x": 160,
        "y": 590
      },
      "goal": {
        "x": 2900,
        "y": -30,
        "w": 70,
        "h": 110
      },
      "platforms": [
        {
          "x": 200,
          "y": 620,
          "w": 140,
          "h": 20
        },
        {
          "x": 380,
          "y": 560,
          "w": 140,
          "h": 20
        },
        {
          "x": 560,
          "y": 500,
          "w": 140,
          "h": 20
        },
        {
          "x": 740,
          "y": 460,
          "w": 140,
          "h": 20
        },
        {
          "x": 920,
          "y": 420,
          "w": 140,
          "h": 20
        },
        {
          "x": 1100,
          "y": 360,
          "w": 160,
          "h": 20
        },
        {
          "x": 1320,
          "y": 320,
          "w": 160,
          "h": 20
        },
        {
          "x": 1540,
          "y": 300,
          "w": 160,
          "h": 20
        },
        {
          "x": 1800,
          "y": 340,
          "w": 160,
          "h": 20
        },
        {
          "x": 2060,
          "y": 400,
          "w": 180,
          "h": 20
        },
        {
          "x": 2360,
          "y": 480,
          "w": 200,
          "h": 20
        },
        {
          "x": 2660,
          "y": 560,
          "w": 200,
          "h": 20
        }
      ],
      "enemies": []
    },
    {
      "name": "Niveau 8",
      "ground": {
        "y": 680,
        "start_x": 0,
        "end_x": 3400
      },
      "spawn": {
        "x": 140,
        "y": 590
      },
      "goal": {
        "x": 3050,
        "y": -30,
        "w": 70,
        "h": 110
      },
      "platforms": [
        {
          "x": 240,
          "y": 620,
          "w": 140,
          "h": 20
        },
        {
          "x": 420,
          "y": 560,
          "w": 140,
          "h": 20
        },
        {
          "x": 600,
          "y": 500,
          "w": 140,
          "h": 20
        },
        {
          "x": 780,
          "y": 460,
          "w": 140,
          "h": 20
        },
        {
          "x": 960,
          "y": 420,
          "w": 140,
          "h": 20
        },
        {
          "x": 1140,
          "y": 380,
          "w": 140,
          "h": 20
        },
        {
          "x": 1320,
          "y": 340,
          "w": 160,
          "h": 20
        },
        {
          "x": 1540,
          "y": 300,
          "w": 160,
          "h": 20
        },
        {
          "x": 1780,
          "y": 280,
          "w": 160,
          "h": 20
        },
        {
          "x": 2040,
          "y": 320,
          "w": 160,
          "h": 20
        },
        {
          "x": 2320,
          "y": 400,
          "w": 200,
          "h": 20
        },
        {
          "x": 2620,
          "y": 500,
          "w": 220,
          "h": 20
        },
        {
          "x": 2920,
          "y": 580,
          "w": 220,
          "h": 20
        }
      ]
    },
    {
      "name": "Niveau 9",
      "ground": {
        "y": 680,
        "start_x": 0,
        "end_x": 3600
      },
      "spawn": {
        "x": 140,
        "y": 590
      },
      "goal": {
        "x": 3200,
        "y": -30,
        "w": 70,
        "h": 110
      },
      "platforms": [
        {
          "x": 240,
          "y": 640,
          "w": 120,
          "h": 20
        },
        {
          "x": 400,
          "y": 580,
          "w": 120,
          "h": 20
        },
        {
          "x": 560,
          "y": 520,
          "w": 120,
          "h": 20
        },
        {
          "x": 720,
          "y": 460,
          "w": 120,
          "h": 20
        },
        {
          "x": 880,
          "y": 420,
          "w": 120,
          "h": 20
        },
        {
          "x": 1060,
          "y": 380,
          "w": 140,
          "h": 20
        },
        {
          "x": 1260,
          "y": 340,
          "w": 140,
          "h": 20
        },
        {
          "x": 1480,
          "y": 300,
          "w": 160,
          "h": 20
        },
        {
          "x": 1740,
          "y": 280,
          "w": 160,
          "h": 20
        },
        {
          "x": 2020,
          "y": 320,
          "w": 180,
          "h": 20
        },
        {
          "x": 2340,
          "y": 400,
          "w": 200,
          "h": 20
        },
        {
          "x": 2680,
          "y": 500,
          "w": 220,
          "h": 20
        },
        {
          "x": 3000,
          "y": 580,
          "w": 240,
          "h": 20
        }
      ]
    },
    {
      "name": "Niveau 10",
      "ground": {
        "y": 680,
        "start_x": 0,
        "end_x": 3800
      },
      "spawn": {
        "x": 120,
        "y": 590
      },
      "goal": {
        "x": 3400,
        "y": -30,
        "w": 70,
        "h": 110
      },
      "platforms": [
        {
          "x": 220,
          "y": 640,
          "w": 120,
          "h": 20
        },
        {
          "x": 380,
          "y": 580,
          "w": 120,
          "h": 20
        },
        {
          "x": 540,
          "y": 520,
          "w": 120,
          "h": 20
        },
        {
          "x": 700,
          "y": 460,
          "w": 120,
          "h": 20
        },
        {
          "x": 880,
          "y": 420,
          "w": 120,
          "h": 20
        },
        {
          "x": 1080,
          "y": 380,
          "w": 140,
          "h": 20
        },
        {
          "x": 1300,
          "y": 340,
          "w": 140,
          "h": 20
        },
        {
          "x": 1540,
          "y": 300,
          "w": 160,
          "h": 20
        },
        {
          "x": 1820,
          "y": 280,
          "w": 160,
          "h": 20
        },
        {
          "x": 2120,
          "y": 320,
          "w": 180,
          "h": 20
        },
        {
          "x": 2460,
          "y": 400,
          "w": 200,
          "h": 20
        },
        {
          "x": 2820,
          "y": 500,
          "w": 220,
          "h": 20
        },
        {
          "x": 3180,
          "y": 600,
          "w": 240,
          "h": 20
        }
      ],
      "enemies": []
    },
    {
      "name": "Niveau 11",
      "ground": {
        "y": 680,
        "start_x": 0,
        "end_x": 3800
      },
      "spawn": {
        "x": 140,
        "y": 590
      },
      "goal": {
        "x": 3450,
        "y": -30,
        "w": 70,
        "h": 110
      },
      "platforms": [
        {
          "x": 260,
          "y": 600,
          "w": 160,
          "h": 20
        },
        {
          "x": 500,
          "y": 560,
          "w": 140,
          "h": 20
        },
        {
          "x": 720,
          "y": 520,
          "w": 140,
          "h": 20
        },
        {
          "x": 940,
          "y": 480,
          "w": 140,
          "h": 20
        },
        {
          "x": 1160,
          "y": 440,
          "w": 140,
          "h": 20
        },
        {
          "x": 1380,
          "y": 380,
          "w": 160,
          "h": 20
        },
        {
          "x": 1620,
          "y": 340,
          "w": 160,
          "h": 20
        },
        {
          "x": 1880,
          "y": 320,
          "w": 160,
          "h": 20
        },
        {
          "x": 2160,
          "y": 360,
          "w": 160,
          "h": 20
        },
        {
          "x": 2460,
          "y": 420,
          "w": 180,
          "h": 20
        },
        {
          "x": 2780,
          "y": 500,
          "w": 200,
          "h": 20
        },
        {
          "x": 3120,
          "y": 580,
          "w": 220,
          "h": 20
        }
      ],
      "enemies": []
    },
    {
      "name": "Niveau 12",
      "ground": {
        "y": 680,
        "start_x": 0,
        "end_x": 9000
      },
      "spawn": {
        "x": 60,
        "y": 640
      },
      "goal": {
        "x": 3700,
        "y": 560,
        "w": 70,
        "h": 110
      },
      "platforms": [
        {
          "x": 1000,
          "y": -330,
          "w": 13150,
          "h": 20
        },
        {
          "x": 420,
          "y": 480,
          "w": 100,
          "h": 20
        },
        {
          "x": 540,
          "y": 430,
          "w": 100,
          "h": 20
        },
        {
          "x": 570,
          "y": 350,
          "w": 100,
          "h": 20
        },
        {
          "x": 600,
          "y": 290,
          "w": 100,
          "h": 20
        },
        {
          "x": 650,
          "y": 220,
          "w": 100,
          "h": 20
        },
        {
          "x": 670,
          "y": 170,
          "w": 100,
          "h": 20
        },
        {
          "x": 710,
          "y": 120,
          "w": 100,
          "h": 20
        },
        {
          "x": 780,
          "y": 50,
          "w": 100,
          "h": 20
        },
        {
          "x": 860,
          "y": -10,
          "w": 100,
          "h": 20
        },
        {
          "x": 930,
          "y": -100,
          "w": 100,
          "h": 20
        },
        {
          "x": 960,
          "y": -200,
          "w": 100,
          "h": 20
        },
        {
          "x": 1010,
          "y": -250,
          "w": 100,
          "h": 20
        },
        {
          "x": 490,
          "y": 580,
          "w": 100,
          "h": 20
        },
        {
          "x": 14310,
          "y": -200,
          "w": 100,
          "h": 20
        },
        {
          "x": 14480,
          "y": -60,
          "w": 100,
          "h": 20
        },
        {
          "x": 14690,
          "y": 40,
          "w": 100,
          "h": 20
        },
        {
          "x": 14890,
          "y": 110,
          "w": 100,
          "h": 20
        },
        {
          "x": 15040,
          "y": 210,
          "w": 100,
          "h": 20
        },
        {
          "x": 15220,
          "y": 330,
          "w": 100,
          "h": 20
        },
        {
          "x": 15360,
          "y": 420,
          "w": 100,
          "h": 20
        },
        {
          "x": 15590,
          "y": 510,
          "w": 100,
          "h": 20
        },
        {
          "x": 15780,
          "y": 710,
          "w": 130,
          "h": 70
        },
        {
          "x": 16050,
          "y": 930,
          "w": 100,
          "h": 20
        },
        {
          "x": 15910,
          "y": 1090,
          "w": 100,
          "h": 20
        },
        {
          "x": 15710,
          "y": 1210,
          "w": 100,
          "h": 20
        },
        {
          "x": 15520,
          "y": 1290,
          "w": 100,
          "h": 20
        },
        {
          "x": 15380,
          "y": 1390,
          "w": 100,
          "h": 20
        }
      ],
      "enemies": []
    },
    {
      "name": "Niveau 13",
      "ground": {
        "y": 680,
        "start_x": 0,
        "end_x": 4200
      },
      "spawn": {
        "x": 120,
        "y": 590
      },
      "goal": {
        "x": 3800,
        "y": -30,
        "w": 70,
        "h": 110
      },
      "platforms": [
        {
          "x": 1860,
          "y": 510,
          "w": 100,
          "h": 20
        },
        {
          "x": 1180,
          "y": 590,
          "w": 100,
          "h": 20
        },
        {
          "x": 610,
          "y": 550,
          "w": 100,
          "h": 20
        },
        {
          "x": 180,
          "y": 490,
          "w": 100,
          "h": 20
        },
        {
          "x": 810,
          "y": 400,
          "w": 100,
          "h": 20
        },
        {
          "x": 1350,
          "y": 380,
          "w": 100,
          "h": 20
        },
        {
          "x": 1770,
          "y": 380,
          "w": 100,
          "h": 20
        },
        {
          "x": 2180,
          "y": 370,
          "w": 100,
          "h": 20
        },
        {
          "x": 2500,
          "y": 370,
          "w": 100,
          "h": 20
        },
        {
          "x": 2920,
          "y": 370,
          "w": 100,
          "h": 20
        },
        {
          "x": 3200,
          "y": 370,
          "w": 100,
          "h": 20
        },
        {
          "x": 3560,
          "y": 370,
          "w": 100,
          "h": 20
        },
        {
          "x": 3880,
          "y": 370,
          "w": 100,
          "h": 20
        }
      ],
      "enemies": []
    },
    {
      "name": "Niveau 14",
      "ground": {
        "y": 680,
        "start_x": 0,
        "end_x": 4200
      },
      "spawn": {
        "x": -220,
        "y": 440
      },
      "goal": {
        "x": 3850,
        "y": -30,
        "w": 70,
        "h": 110
      },
      "platforms": [
        {
          "x": 260,
          "y": 640,
          "w": 120,
          "h": 20
        },
        {
          "x": 440,
          "y": 600,
          "w": 120,
          "h": 20
        },
        {
          "x": 620,
          "y": 560,
          "w": 120,
          "h": 20
        },
        {
          "x": 800,
          "y": 520,
          "w": 120,
          "h": 20
        },
        {
          "x": 980,
          "y": 480,
          "w": 120,
          "h": 20
        },
        {
          "x": 1180,
          "y": 440,
          "w": 140,
          "h": 20
        },
        {
          "x": 1400,
          "y": 400,
          "w": 160,
          "h": 20
        },
        {
          "x": 1640,
          "y": 360,
          "w": 160,
          "h": 20
        },
        {
          "x": 1900,
          "y": 320,
          "w": 160,
          "h": 20
        },
        {
          "x": 2180,
          "y": 360,
          "w": 180,
          "h": 20
        },
        {
          "x": 2500,
          "y": 440,
          "w": 200,
          "h": 20
        },
        {
          "x": 2860,
          "y": 540,
          "w": 220,
          "h": 20
        },
        {
          "x": 3240,
          "y": 620,
          "w": 240,
          "h": 20
        }
      ],
      "enemies": []
    },
    {
      "name": "Niveau 15",
      "ground": {
        "y": 680,
        "start_x": 0,
        "end_x": 4400
      },
      "spawn": {
        "x": 3780,
        "y": -170
      },
      "goal": {
        "x": 4050,
        "y": -30,
        "w": 70,
        "h": 110
      },
      "platforms": [
        {
          "x": 260,
          "y": 640,
          "w": 110,
          "h": 20
        },
        {
          "x": 420,
          "y": 600,
          "w": 110,
          "h": 20
        },
        {
          "x": 580,
          "y": 560,
          "w": 110,
          "h": 20
        },
        {
          "x": 760,
          "y": 520,
          "w": 110,
          "h": 20
        },
        {
          "x": 940,
          "y": 480,
          "w": 110,
          "h": 20
        },
        {
          "x": 1140,
          "y": 440,
          "w": 130,
          "h": 20
        },
        {
          "x": 1360,
          "y": 400,
          "w": 150,
          "h": 20
        },
        {
          "x": 1600,
          "y": 360,
          "w": 150,
          "h": 20
        },
        {
          "x": 1860,
          "y": 320,
          "w": 160,
          "h": 20
        },
        {
          "x": 2140,
          "y": 360,
          "w": 180,
          "h": 20
        },
        {
          "x": 2460,
          "y": 440,
          "w": 200,
          "h": 20
        },
        {
          "x": 2820,
          "y": 540,
          "w": 220,
          "h": 20
        },
        {
          "x": 3200,
          "y": 640,
          "w": 240,
          "h": 20
        }
      ],
      "enemies": []
    },
    {
      "name": "Niveau 16",
      "ground": {
        "y": 680,
        "start_x": 0,
        "end_x": 10000
      },
      "spawn": {
        "x": 5300,
        "y": 610
      },
      "goal": {
        "x": 2860,
        "y": 568,
        "w": 70,
        "h": 110
      },
      "platforms": [
        {
          "x": 260,
          "y": 640,
          "w": 110,
          "h": 20
        },
        {
          "x": 420,
          "y": 600,
          "w": 110,
          "h": 20
        },
        {
          "x": 600,
          "y": 560,
          "w": 110,
          "h": 20
        },
        {
          "x": 780,
          "y": 520,
          "w": 110,
          "h": 20
        },
        {
          "x": 960,
          "y": 480,
          "w": 110,
          "h": 20
        },
        {
          "x": 1160,
          "y": 440,
          "w": 130,
          "h": 20
        },
        {
          "x": 1380,
          "y": 400,
          "w": 150,
          "h": 20
        },
        {
          "x": 1620,
          "y": 360,
          "w": 150,
          "h": 20
        },
        {
          "x": 1880,
          "y": 320,
          "w": 160,
          "h": 20
        },
        {
          "x": 2160,
          "y": 360,
          "w": 180,
          "h": 20
        },
        {
          "x": 2480,
          "y": 440,
          "w": 200,
          "h": 20
        },
        {
          "x": 2840,
          "y": 540,
          "w": 220,
          "h": 20
        },
        {
          "x": 3220,
          "y": 640,
          "w": 240,
          "h": 20
        }
      ],
      "enemies": []
    },
    {
      "name": "Niveau 17",
      "ground": {
        "y": 680,
        "start_x": 0,
        "end_x": 2000
      },
      "spawn": {
        "x": 120,
        "y": 590
      },
      "goal": {
        "x": 4460,
        "y": 570,
        "w": 70,
        "h": 110
      },
      "platforms": [
        {
          "x": 260,
          "y": 640,
          "w": 100,
          "h": 20
        },
        {
          "x": 420,
          "y": 600,
          "w": 100,
          "h": 20
        },
        {
          "x": 600,
          "y": 560,
          "w": 100,
          "h": 20
        },
        {
          "x": 780,
          "y": 520,
          "w": 100,
          "h": 20
        },
        {
          "x": 960,
          "y": 480,
          "w": 100,
          "h": 20
        },
        {
          "x": 1160,
          "y": 440,
          "w": 120,
          "h": 20
        },
        {
          "x": 1380,
          "y": 400,
          "w": 140,
          "h": 20
        },
        {
          "x": 1620,
          "y": 360,
          "w": 150,
          "h": 20
        },
        {
          "x": 1880,
          "y": 320,
          "w": 160,
          "h": 20
        },
        {
          "x": 2160,
          "y": 360,
          "w": 180,
          "h": 20
        },
        {
          "x": 2500,
          "y": 440,
          "w": 200,
          "h": 20
        },
        {
          "x": 2860,
          "y": 540,
          "w": 220,
          "h": 20
        },
        {
          "x": 3260,
          "y": 640,
          "w": 240,
          "h": 20
        },
        {
          "x": 3950,
          "y": 680,
          "w": 100,
          "h": 20
        }
      ],
      "enemies": []
    },
    {
      "name": "Niveau 18",
      "ground": {
        "y": 680,
        "start_x": 0,
        "end_x": 5000
      },
      "spawn": {
        "x": 100,
        "y": 590
      },
      "goal": {
        "x": 5270,
        "y": 1290,
        "w": 70,
        "h": 110
      },
      "platforms": [
        {
          "x": 240,
          "y": 640,
          "w": 100,
          "h": 20
        },
        {
          "x": 400,
          "y": 600,
          "w": 100,
          "h": 20
        },
        {
          "x": 560,
          "y": 560,
          "w": 100,
          "h": 20
        },
        {
          "x": 740,
          "y": 520,
          "w": 100,
          "h": 20
        },
        {
          "x": 920,
          "y": 480,
          "w": 100,
          "h": 20
        },
        {
          "x": 1100,
          "y": 440,
          "w": 120,
          "h": 20
        },
        {
          "x": 1320,
          "y": 400,
          "w": 140,
          "h": 20
        },
        {
          "x": 1560,
          "y": 360,
          "w": 150,
          "h": 20
        },
        {
          "x": 1820,
          "y": 320,
          "w": 160,
          "h": 20
        },
        {
          "x": 2100,
          "y": 360,
          "w": 180,
          "h": 20
        },
        {
          "x": 2440,
          "y": 440,
          "w": 200,
          "h": 20
        },
        {
          "x": 2800,
          "y": 540,
          "w": 220,
          "h": 20
        },
        {
          "x": 3200,
          "y": 640,
          "w": 240,
          "h": 20
        }
      ],
      "enemies": []
    },
    {
      "name": "Niveau 19",
      "ground": {
        "y": 680,
        "start_x": 0,
        "end_x": 5200
      },
      "spawn": {
        "x": 100,
        "y": 590
      },
      "goal": {
        "x": 4800,
        "y": -30,
        "w": 70,
        "h": 110
      },
      "platforms": [
        {
          "x": 240,
          "y": 640,
          "w": 100,
          "h": 20
        },
        {
          "x": 380,
          "y": 600,
          "w": 100,
          "h": 20
        },
        {
          "x": 540,
          "y": 560,
          "w": 100,
          "h": 20
        },
        {
          "x": 720,
          "y": 520,
          "w": 100,
          "h": 20
        },
        {
          "x": 900,
          "y": 480,
          "w": 100,
          "h": 20
        },
        {
          "x": 1080,
          "y": 440,
          "w": 120,
          "h": 20
        },
        {
          "x": 1300,
          "y": 400,
          "w": 140,
          "h": 20
        },
        {
          "x": 1540,
          "y": 360,
          "w": 150,
          "h": 20
        },
        {
          "x": 1800,
          "y": 320,
          "w": 160,
          "h": 20
        },
        {
          "x": 2080,
          "y": 360,
          "w": 180,
          "h": 20
        },
        {
          "x": 2420,
          "y": 440,
          "w": 200,
          "h": 20
        },
        {
          "x": 2780,
          "y": 540,
          "w": 220,
          "h": 20
        },
        {
          "x": 3180,
          "y": 640,
          "w": 240,
          "h": 20
        },
        {
          "x": 3640,
          "y": 500,
          "w": 100,
          "h": 20
        },
        {
          "x": 4120,
          "y": 430,
          "w": 100,
          "h": 20
        },
        {
          "x": 4680,
          "y": 390,
          "w": 100,
          "h": 20
        },
        {
          "x": 4520,
          "y": 100,
          "w": 100,
          "h": 20
        }
      ],
      "enemies": []
    },
    {
      "name": "Niveau 20",
      "ground": {
        "y": 680,
        "start_x": 0,
        "end_x": 5400
      },
      "spawn": {
        "x": 100,
        "y": 590
      },
      "goal": {
        "x": 5000,
        "y": -30,
        "w": 70,
        "h": 110
      },
      "platforms": [
        {
          "x": 260,
          "y": 650,
          "w": 90,
          "h": 20
        },
        {
          "x": 420,
          "y": 610,
          "w": 90,
          "h": 20
        },
        {
          "x": 580,
          "y": 570,
          "w": 90,
          "h": 20
        },
        {
          "x": 760,
          "y": 530,
          "w": 90,
          "h": 20
        },
        {
          "x": 940,
          "y": 490,
          "w": 90,
          "h": 20
        },
        {
          "x": 1120,
          "y": 450,
          "w": 110,
          "h": 20
        },
        {
          "x": 1340,
          "y": 410,
          "w": 130,
          "h": 20
        },
        {
          "x": 1580,
          "y": 370,
          "w": 150,
          "h": 20
        },
        {
          "x": 1840,
          "y": 330,
          "w": 160,
          "h": 20
        },
        {
          "x": 2120,
          "y": 370,
          "w": 180,
          "h": 20
        },
        {
          "x": 2460,
          "y": 450,
          "w": 200,
          "h": 20
        },
        {
          "x": 2820,
          "y": 550,
          "w": 220,
          "h": 20
        },
        {
          "x": 3220,
          "y": 650,
          "w": 240,
          "h": 20
        },
        {
          "x": 3960,
          "y": 540,
          "w": 100,
          "h": 20
        },
        {
          "x": 4480,
          "y": 410,
          "w": 100,
          "h": 20
        },
        {
          "x": 4820,
          "y": 260,
          "w": 100,
          "h": 20
        }
      ],
      "enemies": []
    },
    {
      "name": "pas de sol",
      "ground": {
        "y": 0,
        "start_x": 0,
        "end_x": 999
      },
      "spawn": {
        "x": 40,
        "y": -40
      },
      "goal": {
        "x": 8140,
        "y": -100,
        "w": 70,
        "h": 110
      },
      "platforms": [
        {
          "x": 1234,
          "y": -89,
          "w": 82,
          "h": 104
        },
        {
          "x": 1480,
          "y": -140,
          "w": 100,
          "h": 20
        },
        {
          "x": 1720,
          "y": -200,
          "w": 100,
          "h": 20
        },
        {
          "x": 2110,
          "y": -140,
          "w": 100,
          "h": 20
        },
        {
          "x": 2460,
          "y": -210,
          "w": 100,
          "h": 20
        },
        {
          "x": 3080,
          "y": -220,
          "w": 100,
          "h": 20
        },
        {
          "x": 3860,
          "y": -200,
          "w": 100,
          "h": 20
        },
        {
          "x": 4770,
          "y": -150,
          "w": 100,
          "h": 20
        },
        {
          "x": 5430,
          "y": -120,
          "w": 100,
          "h": 20
        },
        {
          "x": 5810,
          "y": -150,
          "w": 100,
          "h": 20
        },
        {
          "x": 6550,
          "y": -160,
          "w": 100,
          "h": 20
        },
        {
          "x": 7070,
          "y": -170,
          "w": 100,
          "h": 20
        },
        {
          "x": 7520,
          "y": -180,
          "w": 100,
          "h": 20
        },
        {
          "x": 1100,
          "y": 10,
          "w": 100,
          "h": 20
        },
        {
          "x": 2800,
          "y": -260,
          "w": 100,
          "h": 20
        },
        {
          "x": 3540,
          "y": -70,
          "w": 100,
          "h": 20
        },
        {
          "x": 3760,
          "y": -130,
          "w": 100,
          "h": 20
        },
        {
          "x": 4140,
          "y": -190,
          "w": 100,
          "h": 20
        },
        {
          "x": 4510,
          "y": -190,
          "w": 100,
          "h": 20
        },
        {
          "x": 5130,
          "y": -160,
          "w": 100,
          "h": 20
        },
        {
          "x": 6180,
          "y": -160,
          "w": 100,
          "h": 20
        },
        {
          "x": 6860,
          "y": -150,
          "w": 100,
          "h": 20
        },
        {
          "x": 7350,
          "y": -160,
          "w": 100,
          "h": 20
        },
        {
          "x": 7910,
          "y": -120,
          "w": 100,
          "h": 20
        },
        {
          "x": 8160,
          "y": 30,
          "w": 100,
          "h": 20
        },
        {
          "x": 8290,
          "y": 40,
          "w": 100,
          "h": 20
        },
        {
          "x": 8080,
          "y": 30,
          "w": 100,
          "h": 20
        }
      ],
      "enemies": [
        {
          "x": 1000,
          "y": -40,
          "w": 28,
          "h": 28,
          "type": "basic"
        },
        {
          "x": 1750,
          "y": -30,
          "w": 30,
          "h": 30,
          "type": "shooter"
        },
        {
          "x": 1950,
          "y": -70,
          "w": 30,
          "h": 30,
          "type": "flyer"
        },
        {
          "x": 1400,
          "y": -70,
          "w": 30,
          "h": 30,
          "type": "patrol"
        },
        {
          "x": 2480,
          "y": -110,
          "w": 30,
          "h": 30,
          "type": "flyer"
        },
        {
          "x": 2840,
          "y": -80,
          "w": 30,
          "h": 30,
          "type": "shooter"
        },
        {
          "x": 7550,
          "y": -230,
          "w": 28,
          "h": 28,
          "type": "basic"
        },
        {
          "x": 7090,
          "y": -220,
          "w": 28,
          "h": 28,
          "type": "basic"
        }
      ]
    }
  ]
}